name,shape,dtype,bytes,row,column,block,chosen,runner_up_gap
net.action2llm.bias.weight,"[32, 4096]",torch.bfloat16,262144,0.0006921893724494931,3.571134741516684e-15,0.0005196768585812317,column,519676858.57766056
net.action2llm.fc.weight,"[32, 262144]",torch.bfloat16,16777216,0.0006950026217180928,3.5408441198484648e-15,0.0005200889286894441,column,520088928.6859032
net.language_model.model.layers.0._checkpoint_wrapped_module.mlp_moe_gen.down_proj.weight,"[4096, 12288]",torch.bfloat16,100663296,0.000589799335662563,0.0006814030768419036,0.00010665541466581215,block,4.529952112704318
net.language_model.model.layers.0._checkpoint_wrapped_module.mlp_moe_gen.gate_proj.weight,"[12288, 4096]",torch.bfloat16,100663296,0.0005924917533342441,0.0006035527187197359,0.0002852204121950665,block,1.077311889336413
net.language_model.model.layers.0._checkpoint_wrapped_module.mlp_moe_gen.up_proj.weight,"[12288, 4096]",torch.bfloat16,100663296,0.0006086993988603717,0.0005817994977605651,0.0003056384060887216,block,0.9035549399890491
net.language_model.model.layers.0._checkpoint_wrapped_module.self_attn.k_proj_moe_gen.weight,"[1024, 4096]",torch.bfloat16,8388608,0.000544778058962686,0.0005249458385776023,0.00015989453030044169,block,2.2830756473734874
net.language_model.model.layers.0._checkpoint_wrapped_module.self_attn.o_proj_moe_gen.weight,"[4096, 4096]",torch.bfloat16,33554432,0.0006174070537603511,0.0006796487638653132,0.0005150553410433128,block,0.19871983563884887
net.language_model.model.layers.0._checkpoint_wrapped_module.self_attn.q_proj_moe_gen.weight,"[4096, 4096]",torch.bfloat16,33554432,0.0005639100659128331,0.00048385231794673123,0.00022737928359850277,block,1.1279525130402746
net.language_model.model.layers.0._checkpoint_wrapped_module.self_attn.v_proj_moe_gen.weight,"[1024, 4096]",torch.bfloat16,8388608,0.0005242700000372601,0.0006557995566506272,0.0001311741505260528,block,2.9967478190997214
net.language_model.model.layers.1._checkpoint_wrapped_module.mlp_moe_gen.down_proj.weight,"[4096, 12288]",torch.bfloat16,100663296,0.000613632136046925,0.000668126011644973,9.322077536432052e-05,block,5.582568463400571
net.language_model.model.layers.1._checkpoint_wrapped_module.mlp_moe_gen.gate_proj.weight,"[12288, 4096]",torch.bfloat16,100663296,0.00041592713428519247,0.000540854331702979,0.00019212243302339254,block,1.1649066573841995
net.language_model.model.layers.1._checkpoint_wrapped_module.mlp_moe_gen.up_proj.weight,"[12288, 4096]",torch.bfloat16,100663296,0.00047746357948772,0.0006542553728458625,0.00023468876841083386,block,1.034454323148082
net.language_model.model.layers.1._checkpoint_wrapped_module.self_attn.k_proj_moe_gen.weight,"[1024, 4096]",torch.bfloat16,8388608,0.0006002966616037856,0.0005442331338082829,0.00020923027758224858,block,1.6011203545545385
net.language_model.model.layers.1._checkpoint_wrapped_module.self_attn.o_proj_moe_gen.weight,"[4096, 4096]",torch.bfloat16,33554432,0.0006638444485127461,0.0006640025058594068,0.000542629329392722,block,0.2233847537428188
net.language_model.model.layers.1._checkpoint_wrapped_module.self_attn.q_proj_moe_gen.weight,"[4096, 4096]",torch.bfloat16,33554432,0.0006215360053006399,0.0005538800876167395,0.00026740003232319956,block,1.0713538543902599
net.language_model.model.layers.1._checkpoint_wrapped_module.self_attn.v_proj_moe_gen.weight,"[1024, 4096]",torch.bfloat16,8388608,0.0005975312014831945,0.0006800263862514504,0.00019232653833226498,block,2.1068577777388913
net.language_model.model.layers.10._checkpoint_wrapped_module.mlp_moe_gen.down_proj.weight,"[4096, 12288]",torch.bfloat16,100663296,0.0006929215675231207,0.0006880501369363818,0.0005783636465673544,block,0.1896496970721234
net.language_model.model.layers.10._checkpoint_wrapped_module.mlp_moe_gen.gate_proj.weight,"[12288, 4096]",torch.bfloat16,100663296,0.0006480573977110454,0.0006841183397044858,0.0005336398027118855,block,0.2144097843108874
net.language_model.model.layers.10._checkpoint_wrapped_module.mlp_moe_gen.up_proj.weight,"[12288, 4096]",torch.bfloat16,100663296,0.0006471541427322002,0.0006887943632580599,0.0005357307646279931,block,0.20798390807662243
net.language_model.model.layers.10._checkpoint_wrapped_module.self_attn.k_proj_moe_gen.weight,"[1024, 4096]",torch.bfloat16,8388608,0.0005917668730073635,0.0006498749659511506,0.000448068022083837,block,0.320707669016914
net.language_model.model.layers.10._checkpoint_wrapped_module.self_attn.o_proj_moe_gen.weight,"[4096, 4096]",torch.bfloat16,33554432,0.0006871135596197804,0.0006857422479634744,0.0006221704330031565,block,0.10217749283498251
net.language_model.model.layers.10._checkpoint_wrapped_module.self_attn.q_proj_moe_gen.weight,"[4096, 4096]",torch.bfloat16,33554432,0.0005592576271982928,0.0006481514262939434,0.000390961796821867,block,0.43046617788363106
net.language_model.model.layers.10._checkpoint_wrapped_module.self_attn.v_proj_moe_gen.weight,"[1024, 4096]",torch.bfloat16,8388608,0.000498976269815938,0.0006881492005598215,0.0002912566191455808,block,0.7131843090114672
net.language_model.model.layers.11._checkpoint_wrapped_module.mlp_moe_gen.down_proj.weight,"[4096, 12288]",torch.bfloat16,100663296,0.0006929961846565823,0.0006889313996087813,0.0005893697186592036,block,0.16892907422538983
net.language_model.model.layers.11._checkpoint_wrapped_module.mlp_moe_gen.gate_proj.weight,"[12288, 4096]",torch.bfloat16,100663296,0.0006204311404445792,0.0006758452826184805,0.0004906191419976026,block,0.26458812413725796
net.language_model.model.layers.11._checkpoint_wrapped_module.mlp_moe_gen.up_proj.weight,"[12288, 4096]",torch.bfloat16,100663296,0.000618131032532169,0.000680383034705997,0.00048751090546377023,block,0.26793272848766225
net.language_model.model.layers.11._checkpoint_wrapped_module.self_attn.k_proj_moe_gen.weight,"[1024, 4096]",torch.bfloat16,8388608,0.0006422717824096633,0.000677160263241046,0.0005265482857341228,block,0.21977755850861197
net.language_model.model.layers.11._checkpoint_wrapped_module.self_attn.o_proj_moe_gen.weight,"[4096, 4096]",torch.bfloat16,33554432,0.0006863557384106897,0.0006858984118509235,0.0006043094555021917,block,0.13501188109150133
net.language_model.model.layers.11._checkpoint_wrapped_module.self_attn.q_proj_moe_gen.weight,"[4096, 4096]",torch.bfloat16,33554432,0.0006064834620982608,0.0006804873710272056,0.00046500869352979874,block,0.3042411261057339
net.language_model.model.layers.11._checkpoint_wrapped_module.self_attn.v_proj_moe_gen.weight,"[1024, 4096]",torch.bfloat16,8388608,0.0005403537588302472,0.0006922324990455866,0.0003214661345779286,block,0.68090414730531
net.language_model.model.layers.12._checkpoint_wrapped_module.mlp_moe_gen.down_proj.weight,"[4096, 12288]",torch.bfloat16,100663296,0.0006911513139842203,0.0006903577671015827,0.0005865280998441264,block,0.17702419932659624
net.language_model.model.layers.12._checkpoint_wrapped_module.mlp_moe_gen.gate_proj.weight,"[12288, 4096]",torch.bfloat16,100663296,0.0006171273501648394,0.0006780962254720823,0.00047574659167202185,block,0.2971766082357663
net.language_model.model.layers.12._checkpoint_wrapped_module.mlp_moe_gen.up_proj.weight,"[12288, 4096]",torch.bfloat16,100663296,0.0006134620876002267,0.0006890690474540986,0.00047022326127445956,block,0.30461875904978175
net.language_model.model.layers.12._checkpoint_wrapped_module.self_attn.k_proj_moe_gen.weight,"[1024, 4096]",torch.bfloat16,8388608,0.0006022016609586346,0.0006469255584864717,0.0004100815963800473,block,0.46849228610722166
net.language_model.model.layers.12._checkpoint_wrapped_module.self_attn.o_proj_moe_gen.weight,"[4096, 4096]",torch.bfloat16,33554432,0.0006868500076557467,0.0006865645443192409,0.0006147474365091203,block,0.11682376134488383
net.language_model.model.layers.12._checkpoint_wrapped_module.self_attn.q_proj_moe_gen.weight,"[4096, 4096]",torch.bfloat16,33554432,0.0005681240971225232,0.0006158445992145089,0.0003581093044351263,block,0.5864544430608122
net.language_model.model.layers.12._checkpoint_wrapped_module.self_attn.v_proj_moe_gen.weight,"[1024, 4096]",torch.bfloat16,8388608,0.0005192066891332316,0.0006835812258191586,0.00025043816164366,block,1.07319318160462
net.language_model.model.layers.13._checkpoint_wrapped_module.mlp_moe_gen.down_proj.weight,"[4096, 12288]",torch.bfloat16,100663296,0.0006927129704145735,0.0006925914025858957,0.0005830170440521592,block,0.1879436624565191
net.language_model.model.layers.13._checkpoint_wrapped_module.mlp_moe_gen.gate_proj.weight,"[12288, 4096]",torch.bfloat16,100663296,0.0006138357012423355,0.0006683454343408674,0.0004592359910836625,block,0.33664545715126326
net.language_model.model.layers.13._checkpoint_wrapped_module.mlp_moe_gen.up_proj.weight,"[12288, 4096]",torch.bfloat16,100663296,0.000609679895450216,0.0006868382335836516,0.00045431012955278645,block,0.3419905386005203
net.language_model.model.layers.13._checkpoint_wrapped_module.self_attn.k_proj_moe_gen.weight,"[1024, 4096]",torch.bfloat16,8388608,0.0005963256689595954,0.0006466306557492621,0.00043756987415573116,block,0.36281244249315714
net.language_model.model.layers.13._checkpoint_wrapped_module.self_attn.o_proj_moe_gen.weight,"[4096, 4096]",torch.bfloat16,33554432,0.0006866699872917487,0.0006895906884899365,0.0006031007052245854,block,0.13856604932345978
net.language_model.model.layers.13._checkpoint_wrapped_module.self_attn.q_proj_moe_gen.weight,"[4096, 4096]",torch.bfloat16,33554432,0.000558249878676509,0.0006709314166445078,0.00037208219610056204,block,0.500340205812029
net.language_model.model.layers.13._checkpoint_wrapped_module.self_attn.v_proj_moe_gen.weight,"[1024, 4096]",torch.bfloat16,8388608,0.0005043365479762313,0.0006876085262203536,0.0002871629963808955,block,0.7562727591380715
net.language_model.model.layers.14._checkpoint_wrapped_module.mlp_moe_gen.down_proj.weight,"[4096, 12288]",torch.bfloat16,100663296,0.000690792791415287,0.0006925075572563958,0.0005715435175279993,block,0.2086442593261428
net.language_model.model.layers.14._checkpoint_wrapped_module.mlp_moe_gen.gate_proj.weight,"[12288, 4096]",torch.bfloat16,100663296,0.0006101165337911738,0.0006598926780274247,0.0004648385771826199,block,0.3125342080880668
net.language_model.model.layers.14._checkpoint_wrapped_module.mlp_moe_gen.up_proj.weight,"[12288, 4096]",torch.bfloat16,100663296,0.0006058034983193413,0.0006796464546444153,0.00045771859083391735,block,0.3235282779657871
net.language_model.model.layers.14._checkpoint_wrapped_module.self_attn.k_proj_moe_gen.weight,"[1024, 4096]",torch.bfloat16,8388608,0.0005914479565803815,0.0006579415851591611,0.00038589348886601397,block,0.5326715107798516
net.language_model.model.layers.14._checkpoint_wrapped_module.self_attn.o_proj_moe_gen.weight,"[4096, 4096]",torch.bfloat16,33554432,0.0006878603646302681,0.0006886428662339515,0.0006259151717138291,block,0.09896739321212776
net.language_model.model.layers.14._checkpoint_wrapped_module.self_attn.q_proj_moe_gen.weight,"[4096, 4096]",torch.bfloat16,33554432,0.0005703701677571939,0.0006545383862716761,0.0003581167218040104,block,0.5926934796117822
net.language_model.model.layers.14._checkpoint_wrapped_module.self_attn.v_proj_moe_gen.weight,"[1024, 4096]",torch.bfloat16,8388608,0.000504150312624727,0.000688405313299615,0.0002528393538907353,block,0.9939550741084235
net.language_model.model.layers.15._checkpoint_wrapped_module.mlp_moe_gen.down_proj.weight,"[4096, 12288]",torch.bfloat16,100663296,0.0006859472317032276,0.0006938461628706417,0.0005652312188127921,block,0.21356925957484543
net.language_model.model.layers.15._checkpoint_wrapped_module.mlp_moe_gen.gate_proj.weight,"[12288, 4096]",torch.bfloat16,100663296,0.0006065490599160196,0.0006699692127973816,0.0004699712204881892,block,0.29060894257728853
net.language_model.model.layers.15._checkpoint_wrapped_module.mlp_moe_gen.up_proj.weight,"[12288, 4096]",torch.bfloat16,100663296,0.0006100292815397983,0.0006854256287366859,0.00047552793307957395,block,0.28284636738199176
net.language_model.model.layers.15._checkpoint_wrapped_module.self_attn.k_proj_moe_gen.weight,"[1024, 4096]",torch.bfloat16,8388608,0.0006124239225633502,0.0006395426748256499,0.00042480239247372025,block,0.4416677810995071
net.language_model.model.layers.15._checkpoint_wrapped_module.self_attn.o_proj_moe_gen.weight,"[4096, 4096]",torch.bfloat16,33554432,0.0005947728215271409,0.0006890569923451166,0.0005257130533415457,block,0.1313639974252806
net.language_model.model.layers.15._checkpoint_wrapped_module.self_attn.q_proj_moe_gen.weight,"[4096, 4096]",torch.bfloat16,33554432,0.0005652904524102889,0.0006682849563943327,0.0003382753750193683,block,0.6710954865630484
net.language_model.model.layers.15._checkpoint_wrapped_module.self_attn.v_proj_moe_gen.weight,"[1024, 4096]",torch.bfloat16,8388608,0.0005349376255998606,0.0006847350770536567,0.0002720788778093827,block,0.966112290328673
net.language_model.model.layers.16._checkpoint_wrapped_module.mlp_moe_gen.down_proj.weight,"[4096, 12288]",torch.bfloat16,100663296,0.0006886958067414641,0.0006916422165102382,0.0005542662732938065,block,0.2425360154944859
net.language_model.model.layers.16._checkpoint_wrapped_module.mlp_moe_gen.gate_proj.weight,"[12288, 4096]",torch.bfloat16,100663296,0.0006030329168213637,0.0006605802031561844,0.00046032787195535114,block,0.3100073959455013
net.language_model.model.layers.16._checkpoint_wrapped_module.mlp_moe_gen.up_proj.weight,"[12288, 4096]",torch.bfloat16,100663296,0.000613308042173578,0.0006892088250529569,0.00047875017974096805,block,0.2810607037378318
net.language_model.model.layers.16._checkpoint_wrapped_module.self_attn.k_proj_moe_gen.weight,"[1024, 4096]",torch.bfloat16,8388608,0.0006120969613471784,0.0006533212407050256,0.0004354854475911091,block,0.4055508966671498
net.language_model.model.layers.16._checkpoint_wrapped_module.self_attn.o_proj_moe_gen.weight,"[4096, 4096]",torch.bfloat16,33554432,0.0006879917078056119,0.0006869633358830457,0.0006186364084853119,block,0.11044763363512275
net.language_model.model.layers.16._checkpoint_wrapped_module.self_attn.q_proj_moe_gen.weight,"[4096, 4096]",torch.bfloat16,33554432,0.0005272599637839913,0.0006560459183418592,0.000304093193051271,block,0.7338762452834441
net.language_model.model.layers.16._checkpoint_wrapped_module.self_attn.v_proj_moe_gen.weight,"[1024, 4096]",torch.bfloat16,8388608,0.0005360244276981245,0.0006823293851966294,0.0002772004326855196,block,0.933707038279545
net.language_model.model.layers.17._checkpoint_wrapped_module.mlp_moe_gen.down_proj.weight,"[4096, 12288]",torch.bfloat16,100663296,0.0006882553651915682,0.000692176784686221,0.0005640446452262511,block,0.2202143412167194
net.language_model.model.layers.17._checkpoint_wrapped_module.mlp_moe_gen.gate_proj.weight,"[12288, 4096]",torch.bfloat16,100663296,0.0006135970287771021,0.0006755708393772529,0.0004771463118162351,block,0.28597248596866176
net.language_model.model.layers.17._checkpoint_wrapped_module.mlp_moe_gen.up_proj.weight,"[12288, 4096]",torch.bfloat16,100663296,0.0006152800060122385,0.000688659352816432,0.0004790568575113285,block,0.28435695338666284
net.language_model.model.layers.17._checkpoint_wrapped_module.self_attn.k_proj_moe_gen.weight,"[1024, 4096]",torch.bfloat16,8388608,0.0006145465914756396,0.0006401198681613212,0.00040373050123546507,block,0.5221703329202311
net.language_model.model.layers.17._checkpoint_wrapped_module.self_attn.o_proj_moe_gen.weight,"[4096, 4096]",torch.bfloat16,33554432,0.0006875424740350822,0.0006884829560894619,0.0006115589113906446,block,0.12424569608781598
net.language_model.model.layers.17._checkpoint_wrapped_module.self_attn.q_proj_moe_gen.weight,"[4096, 4096]",torch.bfloat16,33554432,0.0005707462833419411,0.0006573014483188455,0.00032163043238843413,block,0.774540671116124
net.language_model.model.layers.17._checkpoint_wrapped_module.self_attn.v_proj_moe_gen.weight,"[1024, 4096]",torch.bfloat16,8388608,0.0005621894141029592,0.0006856617096822711,0.000276808899316469,block,1.0309658233213865
net.language_model.model.layers.18._checkpoint_wrapped_module.mlp_moe_gen.down_proj.weight,"[4096, 12288]",torch.bfloat16,100663296,0.0006855161149554646,0.0006934303397273186,0.0005604360147406525,block,0.22318355160079104
net.language_model.model.layers.18._checkpoint_wrapped_module.mlp_moe_gen.gate_proj.weight,"[12288, 4096]",torch.bfloat16,100663296,0.0006223497345425752,0.0006749126530197609,0.00048285914984348065,block,0.28888462555656363
net.language_model.model.layers.18._checkpoint_wrapped_module.mlp_moe_gen.up_proj.weight,"[12288, 4096]",torch.bfloat16,100663296,0.0006253550220701315,0.0006834270456524348,0.0004871210700154365,block,0.28377740271081775
net.language_model.model.layers.18._checkpoint_wrapped_module.self_attn.k_proj_moe_gen.weight,"[1024, 4096]",torch.bfloat16,8388608,0.0006334297189859495,0.0006761659937990715,0.0004611066587811568,block,0.37371626916057593
net.language_model.model.layers.18._checkpoint_wrapped_module.self_attn.o_proj_moe_gen.weight,"[4096, 4096]",torch.bfloat16,33554432,0.000688009964223689,0.000690415677729226,0.0006172718836110444,block,0.11459793081587706
net.language_model.model.layers.18._checkpoint_wrapped_module.self_attn.q_proj_moe_gen.weight,"[4096, 4096]",torch.bfloat16,33554432,0.0005970695903137549,0.0006788294697857582,0.00038896868420349665,block,0.5350068387546236
net.language_model.model.layers.18._checkpoint_wrapped_module.self_attn.v_proj_moe_gen.weight,"[1024, 4096]",torch.bfloat16,8388608,0.000556899057647933,0.0006905773346479356,0.00030237959992148865,block,0.8417216564627014
net.language_model.model.layers.19._checkpoint_wrapped_module.mlp_moe_gen.down_proj.weight,"[4096, 12288]",torch.bfloat16,100663296,0.0006904325812778965,0.000692090086095508,0.0005524792443788762,block,0.24969867791886752
net.language_model.model.layers.19._checkpoint_wrapped_module.mlp_moe_gen.gate_proj.weight,"[12288, 4096]",torch.bfloat16,100663296,0.0006330502578917444,0.0006744194419024303,0.0004793119853375064,block,0.3207478161556581
net.language_model.model.layers.19._checkpoint_wrapped_module.mlp_moe_gen.up_proj.weight,"[12288, 4096]",torch.bfloat16,100663296,0.0006353539203485973,0.0006780628650010593,0.00048254526573076565,block,0.3166721662607518
net.language_model.model.layers.19._checkpoint_wrapped_module.self_attn.k_proj_moe_gen.weight,"[1024, 4096]",torch.bfloat16,8388608,0.0006324835480379291,0.0006430634986554263,0.00044734364056610797,block,0.4138650707932918
net.language_model.model.layers.19._checkpoint_wrapped_module.self_attn.o_proj_moe_gen.weight,"[4096, 4096]",torch.bfloat16,33554432,0.000678615774910184,0.0006895503638270357,0.0005707526473693568,block,0.18898401617228888
net.language_model.model.layers.19._checkpoint_wrapped_module.self_attn.q_proj_moe_gen.weight,"[4096, 4096]",torch.bfloat16,33554432,0.000584175537450362,0.0006628335425321169,0.0003630490658987378,block,0.6090815052897042
net.language_model.model.layers.19._checkpoint_wrapped_module.self_attn.v_proj_moe_gen.weight,"[1024, 4096]",torch.bfloat16,8388608,0.0005640789166665897,0.0006786173660795576,0.00028546883754142693,block,0.9759737053076106
net.language_model.model.layers.2._checkpoint_wrapped_module.mlp_moe_gen.down_proj.weight,"[4096, 12288]",torch.bfloat16,100663296,0.0006044237668177088,0.0006793670649773993,0.00020281488784613827,block,1.9801745485087054
net.language_model.model.layers.2._checkpoint_wrapped_module.mlp_moe_gen.gate_proj.weight,"[12288, 4096]",torch.bfloat16,100663296,0.0006384539735913428,0.0004907469658848303,0.00040406004961509364,block,0.2145396862479087
net.language_model.model.layers.2._checkpoint_wrapped_module.mlp_moe_gen.up_proj.weight,"[12288, 4096]",torch.bfloat16,100663296,0.0006546601457443943,0.0006398940861305335,0.00043863398500505496,block,0.4588338067857627
net.language_model.model.layers.2._checkpoint_wrapped_module.self_attn.k_proj_moe_gen.weight,"[1024, 4096]",torch.bfloat16,8388608,0.0005773070956678079,0.0005210119181253642,0.0002034372186421935,block,1.5610452286104184
net.language_model.model.layers.2._checkpoint_wrapped_module.self_attn.o_proj_moe_gen.weight,"[4096, 4096]",torch.bfloat16,33554432,0.0006792510167659222,0.000664291900501271,0.0006226568794102491,block,0.06686671659430886
net.language_model.model.layers.2._checkpoint_wrapped_module.self_attn.q_proj_moe_gen.weight,"[4096, 4096]",torch.bfloat16,33554432,0.0006291338410587953,0.0006153909552402795,0.00026962031375838433,block,1.2824354243269358
net.language_model.model.layers.2._checkpoint_wrapped_module.self_attn.v_proj_moe_gen.weight,"[1024, 4096]",torch.bfloat16,8388608,0.0005800104993113199,0.0006862967450412048,0.00021246372265362368,block,1.729927218007481
net.language_model.model.layers.20._checkpoint_wrapped_module.mlp_moe_gen.down_proj.weight,"[4096, 12288]",torch.bfloat16,100663296,0.0006933844087475884,0.0006936368592098004,0.0005781354952381446,block,0.19934585310658137
net.language_model.model.layers.20._checkpoint_wrapped_module.mlp_moe_gen.gate_proj.weight,"[12288, 4096]",torch.bfloat16,100663296,0.0006418097506899779,0.0006830905403370889,0.0005005955449394561,block,0.2820924140817128
net.language_model.model.layers.20._checkpoint_wrapped_module.mlp_moe_gen.up_proj.weight,"[12288, 4096]",torch.bfloat16,100663296,0.00063950188983664,0.0006865604957494352,0.0004931357571571507,block,0.29680697567596165
net.language_model.model.layers.20._checkpoint_wrapped_module.self_attn.k_proj_moe_gen.weight,"[1024, 4096]",torch.bfloat16,8388608,0.0006453960555035329,0.0006394385634881999,0.0004476688437993215,block,0.4283740589614135
net.language_model.model.layers.20._checkpoint_wrapped_module.self_attn.o_proj_moe_gen.weight,"[4096, 4096]",torch.bfloat16,33554432,0.000657886181179058,0.0006895547805680908,0.0005548604096101309,block,0.18567872168302205
net.language_model.model.layers.20._checkpoint_wrapped_module.self_attn.q_proj_moe_gen.weight,"[4096, 4096]",torch.bfloat16,33554432,0.0006143869156849521,0.0006703371725376134,0.00038935893944205217,block,0.577944804774132
net.language_model.model.layers.20._checkpoint_wrapped_module.self_attn.v_proj_moe_gen.weight,"[1024, 4096]",torch.bfloat16,8388608,0.0005786681016873198,0.000685669224369113,0.00032001418928979654,block,0.808257636861511
net.language_model.model.layers.21._checkpoint_wrapped_module.mlp_moe_gen.down_proj.weight,"[4096, 12288]",torch.bfloat16,100663296,0.0006960042799837805,0.0006941718786519546,0.0005956412342635708,block,0.16541944835334227
net.language_model.model.layers.21._checkpoint_wrapped_module.mlp_moe_gen.gate_proj.weight,"[12288, 4096]",torch.bfloat16,100663296,0.0006499102027250522,0.0006768296391422028,0.0005433201566717136,block,0.19618275660209442
net.language_model.model.layers.21._checkpoint_wrapped_module.mlp_moe_gen.up_proj.weight,"[12288, 4096]",torch.bfloat16,100663296,0.0006440311039784226,0.0006902130992360476,0.0005276886512804907,block,0.22047556341341631
net.language_model.model.layers.21._checkpoint_wrapped_module.self_attn.k_proj_moe_gen.weight,"[1024, 4096]",torch.bfloat16,8388608,0.0006040776086790285,0.0006686882741124404,0.00036307098053524106,block,0.663800306453835
net.language_model.model.layers.21._checkpoint_wrapped_module.self_attn.o_proj_moe_gen.weight,"[4096, 4096]",torch.bfloat16,33554432,0.0006734661028891514,0.0006907795088918283,0.000549743249446608,block,0.2250557029433056
net.language_model.model.layers.21._checkpoint_wrapped_module.self_attn.q_proj_moe_gen.weight,"[4096, 4096]",torch.bfloat16,33554432,0.0006122611443115853,0.0006784780272303119,0.00036768823199925875,block,0.6651638291018778
net.language_model.model.layers.21._checkpoint_wrapped_module.self_attn.v_proj_moe_gen.weight,"[1024, 4096]",torch.bfloat16,8388608,0.0005522819944239891,0.000688833380562524,0.00019845830773976668,block,1.7828615527054799
net.language_model.model.layers.22._checkpoint_wrapped_module.mlp_moe_gen.down_proj.weight,"[4096, 12288]",torch.bfloat16,100663296,0.0006964104835240396,0.0006952978361659017,0.0005930170089706533,block,0.17247536857802007
net.language_model.model.layers.22._checkpoint_wrapped_module.mlp_moe_gen.gate_proj.weight,"[12288, 4096]",torch.bfloat16,100663296,0.0006400792010966236,0.000683101985647723,0.0005316477490000308,block,0.2039535619224196
net.language_model.model.layers.22._checkpoint_wrapped_module.mlp_moe_gen.up_proj.weight,"[12288, 4096]",torch.bfloat16,100663296,0.0006335938559284376,0.0006911627637661585,0.000516805646734198,block,0.225980907778869
net.language_model.model.layers.22._checkpoint_wrapped_module.self_attn.k_proj_moe_gen.weight,"[1024, 4096]",torch.bfloat16,8388608,0.0006166867153718952,0.0006364048790178589,0.00037648453507251154,block,0.6380134053929208
net.language_model.model.layers.22._checkpoint_wrapped_module.self_attn.o_proj_moe_gen.weight,"[4096, 4096]",torch.bfloat16,33554432,0.0006882764638149322,0.0006921717859534672,0.0006103620809081562,block,0.1276527250691056
net.language_model.model.layers.22._checkpoint_wrapped_module.self_attn.q_proj_moe_gen.weight,"[4096, 4096]",torch.bfloat16,33554432,0.000612685702989104,0.0006667683335227761,0.000353552742047658,block,0.7329400401214128
net.language_model.model.layers.22._checkpoint_wrapped_module.self_attn.v_proj_moe_gen.weight,"[1024, 4096]",torch.bfloat16,8388608,0.0005505973386679046,0.0006658015390100507,0.00018752456372970284,block,1.9361344866880128
net.language_model.model.layers.23._checkpoint_wrapped_module.mlp_moe_gen.down_proj.weight,"[4096, 12288]",torch.bfloat16,100663296,0.0006941267593575142,0.000694624685762214,0.0005843531773560383,block,0.18785485602757734
net.language_model.model.layers.23._checkpoint_wrapped_module.mlp_moe_gen.gate_proj.weight,"[12288, 4096]",torch.bfloat16,100663296,0.0006293307709930635,0.000659752759945965,0.000507191482048572,block,0.24081494517842608
net.language_model.model.layers.23._checkpoint_wrapped_module.mlp_moe_gen.up_proj.weight,"[12288, 4096]",torch.bfloat16,100663296,0.000627632881920872,0.0006781209851341657,0.0005001531086449633,block,0.2548814974304218
net.language_model.model.layers.23._checkpoint_wrapped_module.self_attn.k_proj_moe_gen.weight,"[1024, 4096]",torch.bfloat16,8388608,0.000642835813318878,0.0006472211836108057,0.000457693248628395,block,0.40451233494335803
net.language_model.model.layers.23._checkpoint_wrapped_module.self_attn.o_proj_moe_gen.weight,"[4096, 4096]",torch.bfloat16,33554432,0.0006822336973801146,0.0006909195826927348,0.0005877962983656707,block,0.1606634803196632
net.language_model.model.layers.23._checkpoint_wrapped_module.self_attn.q_proj_moe_gen.weight,"[4096, 4096]",torch.bfloat16,33554432,0.0006151561963463725,0.0006712965714996137,0.0003836832769179506,block,0.603291655783897
net.language_model.model.layers.23._checkpoint_wrapped_module.self_attn.v_proj_moe_gen.weight,"[1024, 4096]",torch.bfloat16,8388608,0.0005719446893469662,0.0006576661889145145,0.00022850063847999354,block,1.5030332219270497
net.language_model.model.layers.24._checkpoint_wrapped_module.mlp_moe_gen.down_proj.weight,"[4096, 12288]",torch.bfloat16,100663296,0.0006567581149298718,0.0006933595914691071,0.0005287842029971092,block,0.2420153839835157
net.language_model.model.layers.24._checkpoint_wrapped_module.mlp_moe_gen.gate_proj.weight,"[12288, 4096]",torch.bfloat16,100663296,0.0006251580083333602,0.0006656863142455998,0.0004738612712703342,block,0.3192848756291634
net.language_model.model.layers.24._checkpoint_wrapped_module.mlp_moe_gen.up_proj.weight,"[12288, 4096]",torch.bfloat16,100663296,0.0006200714644112802,0.0006794888866058457,0.00046082689000156513,block,0.3455626784478098
net.language_model.model.layers.24._checkpoint_wrapped_module.self_attn.k_proj_moe_gen.weight,"[1024, 4096]",torch.bfloat16,8388608,0.0006454380214823287,0.0006413211183934382,0.00046068809753394214,block,0.392093960808674
net.language_model.model.layers.24._checkpoint_wrapped_module.self_attn.o_proj_moe_gen.weight,"[4096, 4096]",torch.bfloat16,33554432,0.0006718550662726378,0.0006885849415099832,0.0005772709441753748,block,0.16384701681525898
net.language_model.model.layers.24._checkpoint_wrapped_module.self_attn.q_proj_moe_gen.weight,"[4096, 4096]",torch.bfloat16,33554432,0.0006096930514309611,0.000670012197819063,0.0003798132610893673,block,0.6052442447171551
net.language_model.model.layers.24._checkpoint_wrapped_module.self_attn.v_proj_moe_gen.weight,"[1024, 4096]",torch.bfloat16,8388608,0.0005895651958137088,0.0006674244311359397,0.0002752323311996845,block,1.1420637366399073
net.language_model.model.layers.25._checkpoint_wrapped_module.mlp_moe_gen.down_proj.weight,"[4096, 12288]",torch.bfloat16,100663296,0.0006911115543741686,0.0006953856774102357,0.0005589347540751445,block,0.2364798383627688
net.language_model.model.layers.25._checkpoint_wrapped_module.mlp_moe_gen.gate_proj.weight,"[12288, 4096]",torch.bfloat16,100663296,0.0006328651956194089,0.0006782019267370759,0.0004684561304248509,block,0.3509593631434659
net.language_model.model.layers.25._checkpoint_wrapped_module.mlp_moe_gen.up_proj.weight,"[12288, 4096]",torch.bfloat16,100663296,0.0006315095898031171,0.0006878549196612779,0.0004625000994094364,block,0.3654258466311422
net.language_model.model.layers.25._checkpoint_wrapped_module.self_attn.k_proj_moe_gen.weight,"[1024, 4096]",torch.bfloat16,8388608,0.0005772843739367612,0.000636867263153582,0.00031619044749865954,block,0.8257489386652281
net.language_model.model.layers.25._checkpoint_wrapped_module.self_attn.o_proj_moe_gen.weight,"[4096, 4096]",torch.bfloat16,33554432,0.0006797102613422845,0.0006909107480992832,0.0005868530925215887,block,0.15822898439830554
net.language_model.model.layers.25._checkpoint_wrapped_module.self_attn.q_proj_moe_gen.weight,"[4096, 4096]",torch.bfloat16,33554432,0.0005700392601582975,0.0006465685197932459,0.00032632514411709166,block,0.7468444293515936
net.language_model.model.layers.25._checkpoint_wrapped_module.self_attn.v_proj_moe_gen.weight,"[1024, 4096]",torch.bfloat16,8388608,0.0005380800814933446,0.0006772846796051562,0.0002237355180964171,block,1.4049828389851948
net.language_model.model.layers.26._checkpoint_wrapped_module.mlp_moe_gen.down_proj.weight,"[4096, 12288]",torch.bfloat16,100663296,0.0006608929496226581,0.0006930143901730141,0.0005154275989813563,block,0.2822226650819361
net.language_model.model.layers.26._checkpoint_wrapped_module.mlp_moe_gen.gate_proj.weight,"[12288, 4096]",torch.bfloat16,100663296,0.0006308981081358663,0.0006639454233853612,0.00044645291349953677,block,0.41313470930349505
net.language_model.model.layers.26._checkpoint_wrapped_module.mlp_moe_gen.up_proj.weight,"[12288, 4096]",torch.bfloat16,100663296,0.0006286154121889536,0.0006858334724746313,0.0004367609828439731,block,0.4392664108769941
net.language_model.model.layers.26._checkpoint_wrapped_module.self_attn.k_proj_moe_gen.weight,"[1024, 4096]",torch.bfloat16,8388608,0.0006542149385489249,0.0006098847639074049,0.0004762333500200726,block,0.28064270148593967
net.language_model.model.layers.26._checkpoint_wrapped_module.self_attn.o_proj_moe_gen.weight,"[4096, 4096]",torch.bfloat16,33554432,0.0006594007069307925,0.0006909553837366688,0.0005886557192100049,block,0.12018058333949373
net.language_model.model.layers.26._checkpoint_wrapped_module.self_attn.q_proj_moe_gen.weight,"[4096, 4096]",torch.bfloat16,33554432,0.0006055649147803586,0.000565985395816695,0.00035944108506274055,block,0.5746263277552206
net.language_model.model.layers.26._checkpoint_wrapped_module.self_attn.v_proj_moe_gen.weight,"[1024, 4096]",torch.bfloat16,8388608,0.0006169807149150431,0.0006624320722825643,0.0003555139623208987,block,0.735461276646389
net.language_model.model.layers.27._checkpoint_wrapped_module.mlp_moe_gen.down_proj.weight,"[4096, 12288]",torch.bfloat16,100663296,0.0006752701056388112,0.0006916789326515003,0.0004935140583923726,block,0.36828950291408313
net.language_model.model.layers.27._checkpoint_wrapped_module.mlp_moe_gen.gate_proj.weight,"[12288, 4096]",torch.bfloat16,100663296,0.0006370379889864022,0.0006647063792148766,0.0004740833561936811,block,0.343725698579783
net.language_model.model.layers.27._checkpoint_wrapped_module.mlp_moe_gen.up_proj.weight,"[12288, 4096]",torch.bfloat16,100663296,0.0006366655714556587,0.0006819937455625557,0.00046662652778516143,block,0.36440072208836066
net.language_model.model.layers.27._checkpoint_wrapped_module.self_attn.k_proj_moe_gen.weight,"[1024, 4096]",torch.bfloat16,8388608,0.0006219113839207701,0.0006515585898642279,0.0003634882072881035,block,0.7109533994533102
net.language_model.model.layers.27._checkpoint_wrapped_module.self_attn.o_proj_moe_gen.weight,"[4096, 4096]",torch.bfloat16,33554432,0.0006908334827958793,0.0006921249574614674,0.0006319416267381075,block,0.09319192401006061
net.language_model.model.layers.27._checkpoint_wrapped_module.self_attn.q_proj_moe_gen.weight,"[4096, 4096]",torch.bfloat16,33554432,0.0006020900031189652,0.0005971666478176709,0.0003339272460449369,block,0.7883136368492365
net.language_model.model.layers.27._checkpoint_wrapped_module.self_attn.v_proj_moe_gen.weight,"[1024, 4096]",torch.bfloat16,8388608,0.0005901028535962781,0.0006902296086616767,0.0002365440083376899,block,1.4946852712238141
net.language_model.model.layers.28._checkpoint_wrapped_module.mlp_moe_gen.down_proj.weight,"[4096, 12288]",torch.bfloat16,100663296,0.0006871274707133211,0.0006923426305370405,0.0005214550416055567,block,0.3177118176816551
net.language_model.model.layers.28._checkpoint_wrapped_module.mlp_moe_gen.gate_proj.weight,"[12288, 4096]",torch.bfloat16,100663296,0.0006421505903175962,0.0006606990460017166,0.0004882970629010687,block,0.31508182028057563
net.language_model.model.layers.28._checkpoint_wrapped_module.mlp_moe_gen.up_proj.weight,"[12288, 4096]",torch.bfloat16,100663296,0.0006430739456178769,0.0006765221928584724,0.0004873800042944365,block,0.3194508185637064
net.language_model.model.layers.28._checkpoint_wrapped_module.self_attn.k_proj_moe_gen.weight,"[1024, 4096]",torch.bfloat16,8388608,0.0006632265661960764,0.0006446363274920753,0.0004825635507492553,block,0.33585789165214963
net.language_model.model.layers.28._checkpoint_wrapped_module.self_attn.o_proj_moe_gen.weight,"[4096, 4096]",torch.bfloat16,33554432,0.0006831566020749252,0.0006906558180700146,0.0006191955684456533,block,0.10329698222781404
net.language_model.model.layers.28._checkpoint_wrapped_module.self_attn.q_proj_moe_gen.weight,"[4096, 4096]",torch.bfloat16,33554432,0.0006421266152300725,0.0006249673115227357,0.00042288929877772074,block,0.4778508544176506
net.language_model.model.layers.28._checkpoint_wrapped_module.self_attn.v_proj_moe_gen.weight,"[1024, 4096]",torch.bfloat16,8388608,0.000619255228699733,0.0006787139376457172,0.00034168393392516866,block,0.8123627341382533
net.language_model.model.layers.29._checkpoint_wrapped_module.mlp_moe_gen.down_proj.weight,"[4096, 12288]",torch.bfloat16,100663296,0.0006859320270163118,0.0006927450048919911,0.0005429942222874987,block,0.2632400104123611
net.language_model.model.layers.29._checkpoint_wrapped_module.mlp_moe_gen.gate_proj.weight,"[12288, 4096]",torch.bfloat16,100663296,0.0006324670089519255,0.0006550296205277494,0.0004393833385740395,block,0.4394424035388176
net.language_model.model.layers.29._checkpoint_wrapped_module.mlp_moe_gen.up_proj.weight,"[12288, 4096]",torch.bfloat16,100663296,0.0006320414829449694,0.000677419499093505,0.0004389977104243514,block,0.4397375383439123
net.language_model.model.layers.29._checkpoint_wrapped_module.self_attn.k_proj_moe_gen.weight,"[1024, 4096]",torch.bfloat16,8388608,0.0006339526267230798,0.0006591999400581287,0.00039668888397879486,block,0.5981103890901263
net.language_model.model.layers.29._checkpoint_wrapped_module.self_attn.o_proj_moe_gen.weight,"[4096, 4096]",torch.bfloat16,33554432,0.0006789742326491601,0.0006910201728981313,0.0005842498895163988,block,0.16212984346675266
net.language_model.model.layers.29._checkpoint_wrapped_module.self_attn.q_proj_moe_gen.weight,"[4096, 4096]",torch.bfloat16,33554432,0.0006251127384524609,0.0006118973579643674,0.000369866740737389,block,0.6543724822200863
net.language_model.model.layers.29._checkpoint_wrapped_module.self_attn.v_proj_moe_gen.weight,"[1024, 4096]",torch.bfloat16,8388608,0.0006083183643271593,0.0006817414926014952,0.0002936692810629452,block,1.071440234148195
net.language_model.model.layers.3._checkpoint_wrapped_module.mlp_moe_gen.down_proj.weight,"[4096, 12288]",torch.bfloat16,100663296,0.0006793747037006756,0.0006901826337339348,0.0005207977682695024,block,0.3044885080020404
net.language_model.model.layers.3._checkpoint_wrapped_module.mlp_moe_gen.gate_proj.weight,"[12288, 4096]",torch.bfloat16,100663296,0.0006241677742327103,0.0005667950002056285,0.00032346542553587736,block,0.7522583727971326
net.language_model.model.layers.3._checkpoint_wrapped_module.mlp_moe_gen.up_proj.weight,"[12288, 4096]",torch.bfloat16,100663296,0.000632620339769924,0.0006972678689953538,0.00038645252273808775,block,0.6369936862818014
net.language_model.model.layers.3._checkpoint_wrapped_module.self_attn.k_proj_moe_gen.weight,"[1024, 4096]",torch.bfloat16,8388608,0.0006192626229965757,0.000578121653563471,0.0003068317918653241,block,0.8841647733075282
net.language_model.model.layers.3._checkpoint_wrapped_module.self_attn.o_proj_moe_gen.weight,"[4096, 4096]",torch.bfloat16,33554432,0.0006870458656116816,0.0006851284207991903,0.0006241128745043245,block,0.0977636398597366
net.language_model.model.layers.3._checkpoint_wrapped_module.self_attn.q_proj_moe_gen.weight,"[4096, 4096]",torch.bfloat16,33554432,0.0006365063653830289,0.0005784908068446607,0.00032693441254071326,block,0.7694399385767353
net.language_model.model.layers.3._checkpoint_wrapped_module.self_attn.v_proj_moe_gen.weight,"[1024, 4096]",torch.bfloat16,8388608,0.000611141034037492,0.0006791252371738065,0.00023996464886836893,block,1.5467961090082458
net.language_model.model.layers.30._checkpoint_wrapped_module.mlp_moe_gen.down_proj.weight,"[4096, 12288]",torch.bfloat16,100663296,0.000386547198663332,0.0006882462890742213,0.00023880493150213393,block,0.6186734345554243
net.language_model.model.layers.30._checkpoint_wrapped_module.mlp_moe_gen.gate_proj.weight,"[12288, 4096]",torch.bfloat16,100663296,0.0006464483933881547,0.00023044283034062113,0.0005095034993437863,column,1.2109757053004482
net.language_model.model.layers.30._checkpoint_wrapped_module.mlp_moe_gen.up_proj.weight,"[12288, 4096]",torch.bfloat16,100663296,0.0006454942538392642,0.00043181573778661706,0.0005143166541168501,column,0.19105583495662473
net.language_model.model.layers.30._checkpoint_wrapped_module.self_attn.k_proj_moe_gen.weight,"[1024, 4096]",torch.bfloat16,8388608,0.000606407612976331,0.0004903853339485712,0.0003511578208492516,block,0.3964813107753297
net.language_model.model.layers.30._checkpoint_wrapped_module.self_attn.o_proj_moe_gen.weight,"[4096, 4096]",torch.bfloat16,33554432,0.00048236049878863153,0.000687475237706733,0.00041541919384662234,block,0.16114157923748876
net.language_model.model.layers.30._checkpoint_wrapped_module.self_attn.q_proj_moe_gen.weight,"[4096, 4096]",torch.bfloat16,33554432,0.0005853163901082812,0.000536089736849531,0.0003156617315212837,block,0.698304492806043
net.language_model.model.layers.30._checkpoint_wrapped_module.self_attn.v_proj_moe_gen.weight,"[1024, 4096]",torch.bfloat16,8388608,0.0005845405036385702,0.0006775596658441647,0.00026406522736555256,block,1.2136216474627883
net.language_model.model.layers.31._checkpoint_wrapped_module.mlp_moe_gen.down_proj.weight,"[4096, 12288]",torch.bfloat16,100663296,0.000650381949002994,0.0006906080123360687,0.00042824966321466603,block,0.5186980980227441
net.language_model.model.layers.31._checkpoint_wrapped_module.mlp_moe_gen.gate_proj.weight,"[12288, 4096]",torch.bfloat16,100663296,0.0006362381870405396,0.000624918617213892,0.00044939130372768736,block,0.39058903016193425
net.language_model.model.layers.31._checkpoint_wrapped_module.mlp_moe_gen.up_proj.weight,"[12288, 4096]",torch.bfloat16,100663296,0.0006320100338587,0.0006742087784849054,0.00045045013039847335,block,0.4030632720643609
net.language_model.model.layers.31._checkpoint_wrapped_module.self_attn.k_proj_moe_gen.weight,"[1024, 4096]",torch.bfloat16,8388608,0.0005709194864534949,0.000616711077806572,0.00031173772901516364,block,0.831409654061232
net.language_model.model.layers.31._checkpoint_wrapped_module.self_attn.o_proj_moe_gen.weight,"[4096, 4096]",torch.bfloat16,33554432,0.0006762077830850093,0.0006893081871292722,0.0006165779322257177,block,0.09671097154586816
net.language_model.model.layers.31._checkpoint_wrapped_module.self_attn.q_proj_moe_gen.weight,"[4096, 4096]",torch.bfloat16,33554432,0.0005108679020673903,0.0005114555269403408,0.0003019897551260599,block,0.6916729570979592
net.language_model.model.layers.31._checkpoint_wrapped_module.self_attn.v_proj_moe_gen.weight,"[1024, 4096]",torch.bfloat16,8388608,0.0005514947665883828,0.0006612324626469658,0.0002640264559514015,block,1.0887860066943238
net.language_model.model.layers.32._checkpoint_wrapped_module.mlp_moe_gen.down_proj.weight,"[4096, 12288]",torch.bfloat16,100663296,0.0006805286652839145,0.0006908484882593298,0.0002951208117754177,block,1.3059324796171474
net.language_model.model.layers.32._checkpoint_wrapped_module.mlp_moe_gen.gate_proj.weight,"[12288, 4096]",torch.bfloat16,100663296,0.0006470725449144307,0.0006474614102012986,0.0004637563558931051,block,0.39528555607242094
net.language_model.model.layers.32._checkpoint_wrapped_module.mlp_moe_gen.up_proj.weight,"[12288, 4096]",torch.bfloat16,100663296,0.00063419281395403,0.0006782290172399978,0.00044919113057339974,block,0.4118551564998015
net.language_model.model.layers.32._checkpoint_wrapped_module.self_attn.k_proj_moe_gen.weight,"[1024, 4096]",torch.bfloat16,8388608,0.0005865637201595952,0.0005544276724629868,0.00038654162134618816,block,0.434328522067328
net.language_model.model.layers.32._checkpoint_wrapped_module.self_attn.o_proj_moe_gen.weight,"[4096, 4096]",torch.bfloat16,33554432,0.0006629227596221748,0.0006896667932313622,0.000577440374282289,block,0.14803673097180528
net.language_model.model.layers.32._checkpoint_wrapped_module.self_attn.q_proj_moe_gen.weight,"[4096, 4096]",torch.bfloat16,33554432,0.0005101185772689674,0.0005896021320316976,0.0003600824968906905,block,0.4166714063411503
net.language_model.model.layers.32._checkpoint_wrapped_module.self_attn.v_proj_moe_gen.weight,"[1024, 4096]",torch.bfloat16,8388608,0.0005280562582070287,0.0006620854224754995,0.00030153102094432316,block,0.7512501916163803
net.language_model.model.layers.33._checkpoint_wrapped_module.mlp_moe_gen.down_proj.weight,"[4096, 12288]",torch.bfloat16,100663296,0.0006602645821327103,0.0006910894536277883,0.0003060592190787165,block,1.1573098961704351
net.language_model.model.layers.33._checkpoint_wrapped_module.mlp_moe_gen.gate_proj.weight,"[12288, 4096]",torch.bfloat16,100663296,0.0006656675101154526,0.0006255876389346904,0.0005177353394219497,block,0.2083155065929196
net.language_model.model.layers.33._checkpoint_wrapped_module.mlp_moe_gen.up_proj.weight,"[12288, 4096]",torch.bfloat16,100663296,0.0006628165003771598,0.0006647775872199418,0.00051548702255194,block,0.28580637606715886
net.language_model.model.layers.33._checkpoint_wrapped_module.self_attn.k_proj_moe_gen.weight,"[1024, 4096]",torch.bfloat16,8388608,0.0006032304185403408,0.0005865447301571455,0.0003819636869515866,block,0.535603383762209
net.language_model.model.layers.33._checkpoint_wrapped_module.self_attn.o_proj_moe_gen.weight,"[4096, 4096]",torch.bfloat16,33554432,0.0006975304073111367,0.0006884460902115614,0.0006540616251176397,block,0.052570681069597
net.language_model.model.layers.33._checkpoint_wrapped_module.self_attn.q_proj_moe_gen.weight,"[4096, 4096]",torch.bfloat16,33554432,0.0005602085017907479,0.0005369761817627549,0.00033440260115489076,block,0.6057775265750245
net.language_model.model.layers.33._checkpoint_wrapped_module.self_attn.v_proj_moe_gen.weight,"[1024, 4096]",torch.bfloat16,8388608,0.0005415509464978349,0.0006835015095784597,0.0002606335936397194,block,1.0778248073670613
net.language_model.model.layers.34._checkpoint_wrapped_module.mlp_moe_gen.down_proj.weight,"[4096, 12288]",torch.bfloat16,100663296,0.0006778271186796405,0.0006901361357676318,0.0002826902560923151,block,1.3977731954733164
net.language_model.model.layers.34._checkpoint_wrapped_module.mlp_moe_gen.gate_proj.weight,"[12288, 4096]",torch.bfloat16,100663296,0.0006701560721515585,0.000656328862655608,0.0005319746196269214,block,0.23375972920643723
net.language_model.model.layers.34._checkpoint_wrapped_module.mlp_moe_gen.up_proj.weight,"[12288, 4096]",torch.bfloat16,100663296,0.0006611988222976062,0.0006769317797124696,0.0005294694942095918,block,0.2487949344176361
net.language_model.model.layers.34._checkpoint_wrapped_module.self_attn.k_proj_moe_gen.weight,"[1024, 4096]",torch.bfloat16,8388608,0.0006396892378722839,0.0005652956942905461,0.00043619820686473715,block,0.29596061009448726
net.language_model.model.layers.34._checkpoint_wrapped_module.self_attn.o_proj_moe_gen.weight,"[4096, 4096]",torch.bfloat16,33554432,0.0006486717511188294,0.0006882047265035894,0.0006126165095385586,block,0.05885450525554524
net.language_model.model.layers.34._checkpoint_wrapped_module.self_attn.q_proj_moe_gen.weight,"[4096, 4096]",torch.bfloat16,33554432,0.0006045934484580468,0.0005884436753420066,0.0004204970435145973,block,0.39940026789172695
net.language_model.model.layers.34._checkpoint_wrapped_module.self_attn.v_proj_moe_gen.weight,"[1024, 4096]",torch.bfloat16,8388608,0.0005453861396770453,0.000665088407921569,0.0003388146332306151,block,0.6096888569326545
net.language_model.model.layers.35._checkpoint_wrapped_module.mlp_moe_gen.down_proj.weight,"[4096, 12288]",torch.bfloat16,100663296,0.0006816020706303436,0.0006843014595633799,0.00035234936232416325,block,0.9344495648704088
net.language_model.model.layers.35._checkpoint_wrapped_module.mlp_moe_gen.gate_proj.weight,"[12288, 4096]",torch.bfloat16,100663296,0.0006860638741171874,0.0006612622193986635,0.0005841388205163886,block,0.13202923033620093
net.language_model.model.layers.35._checkpoint_wrapped_module.mlp_moe_gen.up_proj.weight,"[12288, 4096]",torch.bfloat16,100663296,0.0006856578481842844,0.0006791842043699504,0.0005830890852072739,block,0.164803495041443
net.language_model.model.layers.35._checkpoint_wrapped_module.self_attn.k_proj_moe_gen.weight,"[1024, 4096]",torch.bfloat16,8388608,0.0006680968241688606,0.0006047213441674233,0.00047776628769991117,block,0.26572627608093946
net.language_model.model.layers.35._checkpoint_wrapped_module.self_attn.o_proj_moe_gen.weight,"[4096, 4096]",torch.bfloat16,33554432,0.0006834398194097282,0.0006934582395666231,0.0006580134131840737,block,0.038641167058613875
net.language_model.model.layers.35._checkpoint_wrapped_module.self_attn.q_proj_moe_gen.weight,"[4096, 4096]",torch.bfloat16,33554432,0.0006800672376779534,0.0005934079072406734,0.0005013723347399241,block,0.183567313398915
net.language_model.model.layers.35._checkpoint_wrapped_module.self_attn.v_proj_moe_gen.weight,"[1024, 4096]",torch.bfloat16,8388608,0.0006674470334363854,0.0006669438849527449,0.0004803440896151982,block,0.38847109680693914
net.language_model.model.layers.4._checkpoint_wrapped_module.mlp_moe_gen.down_proj.weight,"[4096, 12288]",torch.bfloat16,100663296,0.0004918137224252746,0.0006857517771066856,0.0001622409335121592,block,2.0313787758649418
net.language_model.model.layers.4._checkpoint_wrapped_module.mlp_moe_gen.gate_proj.weight,"[12288, 4096]",torch.bfloat16,100663296,0.0006419396997098104,0.00025235236247910577,0.00047568099788991244,column,0.8849872979861554
net.language_model.model.layers.4._checkpoint_wrapped_module.mlp_moe_gen.up_proj.weight,"[12288, 4096]",torch.bfloat16,100663296,0.000669561482433774,0.0006039006735809202,0.0005508898622381158,block,0.09622760369456768
net.language_model.model.layers.4._checkpoint_wrapped_module.self_attn.k_proj_moe_gen.weight,"[1024, 4096]",torch.bfloat16,8388608,0.0006222558561983285,0.0006075408444215803,0.0004192007931379965,block,0.4492836234247874
net.language_model.model.layers.4._checkpoint_wrapped_module.self_attn.o_proj_moe_gen.weight,"[4096, 4096]",torch.bfloat16,33554432,0.0006838717468004716,0.0006825795880075823,0.000623562482843012,block,0.09464505448675045
net.language_model.model.layers.4._checkpoint_wrapped_module.self_attn.q_proj_moe_gen.weight,"[4096, 4096]",torch.bfloat16,33554432,0.0006263074281339071,0.0006503916847375995,0.0004365931139763601,block,0.4345334547988757
net.language_model.model.layers.4._checkpoint_wrapped_module.self_attn.v_proj_moe_gen.weight,"[1024, 4096]",torch.bfloat16,8388608,0.0005278957210911592,0.0006832173421185226,0.00029098051191218575,block,0.8141961385045315
net.language_model.model.layers.5._checkpoint_wrapped_module.mlp_moe_gen.down_proj.weight,"[4096, 12288]",torch.bfloat16,100663296,0.0006810778696510237,0.0006874439979776359,0.0004908482266422901,block,0.38755287822882384
net.language_model.model.layers.5._checkpoint_wrapped_module.mlp_moe_gen.gate_proj.weight,"[12288, 4096]",torch.bfloat16,100663296,0.0006641525945508225,0.0006736805742658023,0.0005761411546606597,block,0.15276020325609363
net.language_model.model.layers.5._checkpoint_wrapped_module.mlp_moe_gen.up_proj.weight,"[12288, 4096]",torch.bfloat16,100663296,0.0006703719277671803,0.0006666220091963391,0.0005866964862118863,block,0.13622976251401564
net.language_model.model.layers.5._checkpoint_wrapped_module.self_attn.k_proj_moe_gen.weight,"[1024, 4096]",torch.bfloat16,8388608,0.0006030094226206207,0.0006020311091944773,0.0003651822233577747,block,0.6485772600290516
net.language_model.model.layers.5._checkpoint_wrapped_module.self_attn.o_proj_moe_gen.weight,"[4096, 4096]",torch.bfloat16,33554432,0.0006918658370239962,0.0006864578551848369,0.0006449828633725999,block,0.06430402134308703
net.language_model.model.layers.5._checkpoint_wrapped_module.self_attn.q_proj_moe_gen.weight,"[4096, 4096]",torch.bfloat16,33554432,0.0005990920712372934,0.0006374495337476473,0.0003821137880431075,block,0.567836832859085
net.language_model.model.layers.5._checkpoint_wrapped_module.self_attn.v_proj_moe_gen.weight,"[1024, 4096]",torch.bfloat16,8388608,0.0005204226304488468,0.0006890072290988547,0.00025494998456928187,block,1.0412734337994185
net.language_model.model.layers.6._checkpoint_wrapped_module.mlp_moe_gen.down_proj.weight,"[4096, 12288]",torch.bfloat16,100663296,0.0006913499059017243,0.0006880589781912699,0.0005641406568429949,block,0.21965855473303095
net.language_model.model.layers.6._checkpoint_wrapped_module.mlp_moe_gen.gate_proj.weight,"[12288, 4096]",torch.bfloat16,100663296,0.0006734116038366757,0.0006792569516502696,0.000589416035485158,block,0.142506418717264
net.language_model.model.layers.6._checkpoint_wrapped_module.mlp_moe_gen.up_proj.weight,"[12288, 4096]",torch.bfloat16,100663296,0.0006746199176988149,0.0006796272760937094,0.0005929854428001214,block,0.13766691221492633
net.language_model.model.layers.6._checkpoint_wrapped_module.self_attn.k_proj_moe_gen.weight,"[1024, 4096]",torch.bfloat16,8388608,0.000560389094506612,0.0006453246486123221,0.0003016514758819449,block,0.8577369557639004
net.language_model.model.layers.6._checkpoint_wrapped_module.self_attn.o_proj_moe_gen.weight,"[4096, 4096]",torch.bfloat16,33554432,0.0006953396032999853,0.0006871821913128144,0.0006514884717593322,block,0.05478795266644084
net.language_model.model.layers.6._checkpoint_wrapped_module.self_attn.q_proj_moe_gen.weight,"[4096, 4096]",torch.bfloat16,33554432,0.000526285215665162,0.0006287517471291267,0.000262598377252366,block,1.0041449652957448
net.language_model.model.layers.6._checkpoint_wrapped_module.self_attn.v_proj_moe_gen.weight,"[1024, 4096]",torch.bfloat16,8388608,0.00046525873345543156,0.0006860556238002659,0.00017860001830201854,block,1.6050318352636652
net.language_model.model.layers.7._checkpoint_wrapped_module.mlp_moe_gen.down_proj.weight,"[4096, 12288]",torch.bfloat16,100663296,0.0006891182070093715,0.0006882032466312705,0.000556247886932622,block,0.23722401971952506
net.language_model.model.layers.7._checkpoint_wrapped_module.mlp_moe_gen.gate_proj.weight,"[12288, 4096]",torch.bfloat16,100663296,0.0006754290059701626,0.0006816059566940595,0.0005994163470779401,block,0.12681112095586336
net.language_model.model.layers.7._checkpoint_wrapped_module.mlp_moe_gen.up_proj.weight,"[12288, 4096]",torch.bfloat16,100663296,0.0006764364607532949,0.0006817470497931714,0.000601934278314954,block,0.12377129052510712
net.language_model.model.layers.7._checkpoint_wrapped_module.self_attn.k_proj_moe_gen.weight,"[1024, 4096]",torch.bfloat16,8388608,0.0006078895160187915,0.0006706376337395509,0.00045308554753695543,block,0.34166609224985195
net.language_model.model.layers.7._checkpoint_wrapped_module.self_attn.o_proj_moe_gen.weight,"[4096, 4096]",torch.bfloat16,33554432,0.0006840527470305303,0.0006872172202593391,0.0006172766743642592,block,0.10817851287681418
net.language_model.model.layers.7._checkpoint_wrapped_module.self_attn.q_proj_moe_gen.weight,"[4096, 4096]",torch.bfloat16,33554432,0.0005708358111828044,0.0006728208768062721,0.00039778368382903053,block,0.4350407882193393
net.language_model.model.layers.7._checkpoint_wrapped_module.self_attn.v_proj_moe_gen.weight,"[1024, 4096]",torch.bfloat16,8388608,0.000514544785648428,0.0006872515590880475,0.0003078726023995206,block,0.6712912472176158
net.language_model.model.layers.8._checkpoint_wrapped_module.mlp_moe_gen.down_proj.weight,"[4096, 12288]",torch.bfloat16,100663296,0.0006814468267455073,0.000686817740234921,0.0004413031151570241,block,0.5441695364036473
net.language_model.model.layers.8._checkpoint_wrapped_module.mlp_moe_gen.gate_proj.weight,"[12288, 4096]",torch.bfloat16,100663296,0.0006746170782123063,0.0006832613034861353,0.0005831852154515037,block,0.1567801452065546
net.language_model.model.layers.8._checkpoint_wrapped_module.mlp_moe_gen.up_proj.weight,"[12288, 4096]",torch.bfloat16,100663296,0.0006822587699039543,0.0006736136003124589,0.0006067429767370563,block,0.11021243943361253
net.language_model.model.layers.8._checkpoint_wrapped_module.self_attn.k_proj_moe_gen.weight,"[1024, 4096]",torch.bfloat16,8388608,0.00047243920027605665,0.0006260720775779766,0.0003530159971951569,block,0.33829402641739026
net.language_model.model.layers.8._checkpoint_wrapped_module.self_attn.o_proj_moe_gen.weight,"[4096, 4096]",torch.bfloat16,33554432,0.000687688465377136,0.000687701982671561,0.0006100003430067135,block,0.1273575060425294
net.language_model.model.layers.8._checkpoint_wrapped_module.self_attn.q_proj_moe_gen.weight,"[4096, 4096]",torch.bfloat16,33554432,0.0003919414354580293,0.0006288056316515856,0.0002774209883583533,block,0.4128038321013636
net.language_model.model.layers.8._checkpoint_wrapped_module.self_attn.v_proj_moe_gen.weight,"[1024, 4096]",torch.bfloat16,8388608,0.00035804764327741333,0.0006929803036548797,0.0002305329952713333,block,0.5531297064699894
net.language_model.model.layers.9._checkpoint_wrapped_module.mlp_moe_gen.down_proj.weight,"[4096, 12288]",torch.bfloat16,100663296,0.0006887749698949023,0.0006881913390388035,0.0005577957327624213,block,0.23376945827572487
net.language_model.model.layers.9._checkpoint_wrapped_module.mlp_moe_gen.gate_proj.weight,"[12288, 4096]",torch.bfloat16,100663296,0.0006686901468048671,0.0006865021596934473,0.0005748127323205337,block,0.1633182586359002
net.language_model.model.layers.9._checkpoint_wrapped_module.mlp_moe_gen.up_proj.weight,"[12288, 4096]",torch.bfloat16,100663296,0.0006710398378003452,0.0006799481002605591,0.000581468295076603,block,0.1540437259987527
net.language_model.model.layers.9._checkpoint_wrapped_module.self_attn.k_proj_moe_gen.weight,"[1024, 4096]",torch.bfloat16,8388608,0.0005604166568241872,0.0006613087603381306,0.0004272348381194988,block,0.31172977206375907
net.language_model.model.layers.9._checkpoint_wrapped_module.self_attn.o_proj_moe_gen.weight,"[4096, 4096]",torch.bfloat16,33554432,0.0006879635350157681,0.000687295532746656,0.0006274744551228968,block,0.09533627566088364
net.language_model.model.layers.9._checkpoint_wrapped_module.self_attn.q_proj_moe_gen.weight,"[4096, 4096]",torch.bfloat16,33554432,0.0005051481359674933,0.0006396657251171156,0.00036323974601703006,block,0.390674180087688
net.language_model.model.layers.9._checkpoint_wrapped_module.self_attn.v_proj_moe_gen.weight,"[1024, 4096]",torch.bfloat16,8388608,0.00043077765621177684,0.0006839756037499865,0.0002617629422424468,block,0.6456785384570874
net.llm2action.fc.weight,"[32, 262144]",torch.bfloat16,16777216,0.0006974218447141253,3.513380730563836e-15,0.00039756380479004285,column,397563804.7865295
net.llm2vae.weight,"[192, 4096]",torch.bfloat16,1572864,0.0006694885079550785,0.0006706730157004564,0.00041285915392162155,block,0.6215905632606519
net.time_embedder.mlp.0.weight,"[4096, 256]",torch.bfloat16,2097152,0.00012782636747644214,0.0006408626698151699,0.00012285945478385726,block,0.04042759835881592
net.time_embedder.mlp.2.weight,"[4096, 4096]",torch.bfloat16,33554432,0.0003770676320223054,0.0006401350736932397,0.00020807218126127778,block,0.8121962760068285
net.vae2llm.weight,"[4096, 192]",torch.bfloat16,1572864,0.0006752126947346319,0.0006750641527908655,0.0006565012363611036,block,0.02827552394669293
